Time (s),TC1 (C),TC2 (C),TC3 (C),TC4 (C),TC5 (C)
0.0,21.943,22.29,22.564,22.93,22.992
1.0,21.932,22.272,22.572,22.9,22.964
2.0,21.916,22.259,22.52,22.897,22.923
3.0,21.959,22.259,22.489,22.908,22.918
4.0,21.965,22.287,22.538,22.876,22.941
5.0,21.959,22.261,22.58,22.972,22.924
6.0,21.95,22.243,22.572,22.915,22.96
7.0,21.978,22.238,22.601,22.923,22.943
8.0,21.939,22.235,22.586,22.921,22.922
9.0,21.964,22.294,22.58,22.978,22.977
10.0,21.837,22.194,22.578,22.865,22.937
11.0,21.866,22.278,22.55,22.919,23.004
12.0,21.963,22.236,22.592,22.973,22.978
13.0,28.376,25.434,22.564,22.903,23.007
14.0,51.685,35.369,22.613,23.057,22.894
15.0,71.993,44.195,22.734,23.264,22.947
16.0,91.546,53.673,22.752,23.29,22.965
17.0,109.86,63.56,22.833,23.381,22.997
18.0,130.359,72.746,22.768,23.449,23.046
19.0,151.04,80.006,22.942,23.612,23.069
20.0,168.065,90.127,22.981,23.681,23.071
21.0,200.246,116.186,23.063,23.812,23.045
22.0,205.222,117.028,23.199,23.984,23.192
23.0,213.182,121.172,23.164,24.061,23.101
24.0,222.702,129.441,23.249,24.17,23.157
25.0,231.461,133.76,23.307,24.314,23.238
26.0,235.923,143.936,23.348,24.474,23.266
27.0,245.235,145.594,23.46,24.594,23.238
28.0,248.136,152.938,23.451,24.658,23.256
29.0,250.024,161.534,23.434,24.713,23.226
30.0,256.878,167.968,23.473,24.749,23.308
31.0,261.011,172.125,23.583,25.036,23.408
32.0,263.063,174.599,23.57,25.046,23.431
33.0,270.546,178.715,23.644,25.095,23.478
34.0,273.744,179.629,23.739,25.29,23.517
35.0,279.816,183.912,23.801,25.424,23.487
36.0,279.488,189.982,23.85,25.517,23.693
37.0,278.988,192.354,23.833,25.568,23.646
38.0,286.091,194.901,23.96,25.692,23.732
39.0,284.491,200.379,23.912,25.615,23.681
40.0,285.785,200.23,24.055,25.935,23.88
41.0,290.228,204.455,24.066,25.932,23.858
42.0,295.251,209.318,24.006,25.991,23.874
43.0,301.583,210.124,24.132,26.018,23.925
44.0,300.287,215.011,24.22,26.135,23.955
45.0,308.981,211.51,24.164,26.189,23.9
46.0,308.86,217.222,24.197,26.241,23.91
47.0,325.105,224.138,24.243,26.269,24.027
48.0,325.985,221.96,24.238,26.35,23.969
49.0,333.655,228.12,24.303,26.418,24.1
50.0,330.96,229.916,24.354,26.469,24.171
51.0,344.68,230.912,24.399,26.565,24.139
52.0,350.701,228.733,24.356,26.565,24.099
53.0,354.359,234.842,24.473,26.704,24.182
54.0,354.437,235.575,24.507,26.701,24.256
55.0,368.1,236.535,24.472,26.688,24.244
56.0,363.172,239.959,24.568,26.819,24.317
57.0,369.19,241.484,24.586,26.965,24.33
58.0,367.852,248.327,24.663,26.939,24.432
59.0,368.984,245.936,24.635,27.055,24.447
60.0,379.063,244.523,24.781,27.177,24.589
61.0,380.43,253.719,24.682,27.168,24.522
62.0,379.142,256.945,24.789,27.201,24.618
63.0,381.764,258.013,24.835,27.265,24.583
64.0,388.86,256.714,24.793,27.274,24.542
65.0,393.112,261.286,24.76,27.377,24.605
66.0,392.556,260.591,24.897,27.419,24.776
67.0,391.678,262.845,24.843,27.473,24.701
68.0,416.665,262.995,24.919,27.475,24.787
69.0,390.256,256.513,24.863,27.408,24.662
70.0,369.792,238.993,24.986,27.5,24.772
71.0,359.977,235.023,24.98,27.389,24.776
72.0,353.298,230.479,24.98,27.336,24.82
73.0,348.556,224.647,24.886,27.184,24.731
74.0,342.69,219.497,24.926,27.238,24.836
75.0,334.7,215.124,24.907,27.165,24.855
76.0,327.601,211.015,24.838,27.04,24.774
77.0,321.151,207.209,24.843,27.046,24.818
78.0,315.029,203.504,24.782,26.96,24.804
79.0,309.558,200.088,24.809,26.954,24.814
80.0,304.409,196.788,24.807,26.974,24.851
81.0,299.371,193.556,24.759,26.885,24.807
82.0,294.605,190.528,24.766,26.9,24.822
83.0,290.162,187.526,24.767,26.884,24.795
84.0,285.929,184.647,24.759,26.849,24.833
85.0,281.944,181.932,24.774,26.72,24.775
86.0,278.082,179.286,24.739,26.767,24.846
87.0,274.293,176.891,24.782,26.769,24.882
88.0,270.676,174.458,24.771,26.722,24.881
89.0,267.181,172.154,24.67,26.72,24.825
90.0,263.752,169.969,24.625,26.686,24.804
91.0,260.57,167.888,24.662,26.663,24.787
92.0,257.394,165.85,24.711,26.646,24.78
93.0,254.423,163.862,24.661,26.575,24.766
94.0,251.485,162.034,24.674,26.679,24.812
95.0,248.682,160.201,24.671,26.54,24.765
96.0,245.965,158.548,24.673,26.571,24.806
97.0,243.265,156.851,24.715,26.525,24.755
98.0,240.678,155.21,24.673,26.482,24.757
99.0,238.17,153.713,24.667,26.454,24.776
100.0,235.766,152.228,24.744,26.467,24.785
101.0,233.443,150.828,24.733,26.494,24.813
102.0,231.105,149.381,24.727,26.448,24.743
103.0,228.92,147.978,24.715,26.45,24.772
104.0,226.768,146.767,24.679,26.481,24.771
105.0,224.626,145.456,24.676,26.419,24.694
106.0,222.523,144.199,24.712,26.403,24.728
107.0,220.565,143.022,24.764,26.478,24.757
108.0,218.573,141.885,24.723,26.452,24.729
109.0,216.662,140.73,24.734,26.431,24.724
110.0,214.701,139.695,24.76,26.467,24.722
111.0,212.841,138.569,24.658,26.442,24.697
112.0,210.903,137.573,24.726,26.465,24.663
113.0,209.092,136.536,24.674,26.509,24.716
114.0,207.196,135.484,24.639,26.454,24.654
115.0,205.494,134.537,24.723,26.455,24.636
116.0,203.754,133.612,24.726,26.506,24.684
117.0,202.079,132.685,24.738,26.514,24.674
118.0,200.421,131.769,24.676,26.56,24.69
119.0,198.765,130.857,24.736,26.549,24.713
120.0,197.169,130.047,24.796,26.622,24.713
121.0,195.483,129.123,24.756,26.583,24.664
122.0,193.972,128.315,24.756,26.562,24.702
123.0,192.351,127.516,24.853,26.59,24.661
124.0,190.884,126.674,24.75,26.574,24.684
125.0,189.369,125.927,24.82,26.608,24.665
126.0,187.858,125.19,24.785,26.636,24.723
127.0,186.432,124.356,24.77,26.636,24.657
128.0,184.981,123.585,24.82,26.601,24.663
129.0,183.604,122.9,24.744,26.621,24.705
130.0,182.224,122.233,24.559,26.662,24.635
131.0,180.839,121.602,24.567,26.684,24.664
132.0,179.487,120.978,24.679,26.683,24.674
133.0,178.189,120.257,24.681,26.654,24.632
134.0,176.864,119.52,24.68,26.721,24.639
135.0,175.602,118.86,24.693,26.761,24.66
136.0,174.313,118.208,24.677,26.737,24.595
137.0,173.077,117.574,24.674,26.761,24.65
138.0,171.913,117.108,24.712,26.774,24.645
139.0,170.614,116.514,24.733,26.859,24.706
140.0,169.458,115.974,24.767,26.889,24.665
141.0,168.277,115.357,24.803,26.953,24.662
142.0,167.124,114.793,24.857,26.938,24.681
143.0,166.006,114.3,24.907,26.991,24.683
144.0,164.82,113.732,24.9,26.913,24.575
145.0,163.714,113.098,24.87,26.928,24.646
146.0,162.62,112.54,24.867,26.946,24.628
147.0,161.524,112.024,24.888,26.991,24.617
148.0,160.505,111.449,24.983,27.084,24.711
149.0,159.421,110.919,24.883,27.021,24.676
150.0,158.36,110.434,24.979,27.075,24.64
151.0,157.336,109.919,25.007,27.154,24.685
152.0,156.3,109.394,24.959,27.137,24.654
153.0,155.353,108.998,25.003,27.162,24.665
154.0,154.375,108.523,25.071,27.246,24.707
155.0,153.382,108.057,25.086,27.261,24.713
156.0,152.375,107.549,25.014,27.329,24.668
157.0,151.365,107.16,25.066,27.341,24.739
158.0,150.461,106.673,25.054,27.351,24.725
159.0,149.52,106.243,25.104,27.444,24.735
160.0,148.601,105.832,25.058,27.437,24.696
161.0,147.632,105.397,25.107,27.452,24.743
162.0,146.693,104.923,25.028,27.445,24.679
163.0,145.862,104.517,25.103,27.556,24.733
164.0,144.853,104.097,25.019,27.514,24.698
165.0,144.03,103.696,25.109,27.578,24.75
166.0,143.111,103.246,25.114,27.63,24.755
167.0,142.269,102.836,24.979,27.648,24.774
168.0,141.426,102.427,25.039,27.741,24.836
169.0,140.552,102.024,24.935,27.766,24.863
170.0,139.697,101.589,24.936,27.777,24.79
171.0,138.777,101.147,24.902,27.803,24.784
172.0,138.027,100.771,24.957,27.85,24.805
173.0,137.169,100.392,24.979,27.841,24.749
174.0,136.459,100.002,25.07,27.897,24.792
175.0,135.627,99.551,25.086,27.975,24.809
176.0,134.8,99.066,25.09,27.964,24.81
177.0,134.05,98.687,25.15,28.024,24.838
178.0,133.238,98.251,25.125,28.017,24.819
179.0,132.517,97.939,25.127,28.052,24.834
180.0,131.803,97.593,25.128,28.155,24.856
181.0,131.112,97.349,25.125,28.111,24.929
182.0,130.368,97.037,25.074,28.139,24.876
183.0,129.616,96.667,25.112,28.185,24.855
184.0,128.939,96.39,25.179,28.252,24.915
185.0,128.141,96.086,25.172,28.306,24.927
186.0,127.61,95.805,25.225,28.336,24.959
187.0,126.81,95.43,25.187,28.308,24.948
188.0,126.163,95.082,25.18,28.342,24.958
189.0,125.507,94.807,25.159,28.444,24.973
190.0,124.856,94.467,25.109,28.452,24.968
191.0,124.167,94.069,25.031,28.457,24.922
192.0,123.539,93.727,25.184,28.499,24.988
193.0,122.903,93.333,25.202,28.627,25.017
194.0,122.218,93.064,25.234,28.585,24.993
195.0,121.598,92.805,25.261,28.673,25.078
196.0,121.03,92.545,25.234,28.723,25.057
197.0,120.432,92.266,25.243,28.724,25.044
198.0,119.786,91.916,25.201,28.725,25.085
199.0,119.208,91.629,25.258,28.782,25.032
200.0,118.63,91.266,25.176,28.795,25.066
201.0,117.983,90.969,25.276,28.87,25.084
202.0,117.417,90.667,25.238,28.985,25.14
203.0,116.858,90.42,25.24,29.031,25.166
204.0,116.279,90.126,25.243,29.109,25.178
205.0,115.713,89.999,25.243,29.192,25.202
206.0,115.166,89.682,25.219,29.274,25.269
207.0,114.547,89.481,25.164,29.272,25.216
208.0,114.086,89.263,25.136,29.341,25.244
209.0,113.549,89.0,25.867,29.437,25.312
210.0,113.11,88.778,26.296,29.514,25.318
211.0,112.634,88.594,26.915,29.619,25.347
212.0,112.129,88.355,30.724,29.696,25.331
213.0,111.682,88.132,29.196,29.757,25.351
214.0,111.268,87.86,30.682,29.785,25.36
215.0,110.849,87.644,29.566,29.858,25.365
216.0,110.449,87.332,29.663,29.91,25.402
217.0,110.008,87.032,31.677,29.923,25.466
218.0,109.651,86.771,36.546,29.967,25.483
219.0,109.207,86.462,43.747,29.976,25.492
220.0,108.802,86.189,43.296,29.965,25.561
221.0,108.454,86.155,43.212,30.028,25.51
222.0,108.054,86.044,43.114,29.986,25.552
223.0,107.661,86.037,43.109,30.091,25.613
224.0,107.239,85.917,43.092,30.111,25.55
225.0,106.809,85.841,40.724,30.096,25.616
226.0,106.384,85.726,33.256,30.207,25.672
227.0,105.995,85.602,38.651,30.258,25.7
228.0,105.599,85.447,38.381,30.32,25.714
229.0,105.166,85.229,38.364,30.366,25.762
230.0,104.793,85.108,32.923,30.389,25.805
231.0,104.401,84.923,29.103,30.4,25.763
232.0,103.928,84.781,28.761,30.4,25.743
233.0,103.62,85.1,29.91,30.435,25.844
234.0,103.235,84.655,40.301,30.55,25.917
235.0,102.788,84.299,45.922,30.56,25.857
236.0,102.429,84.405,45.862,30.611,25.953
237.0,102.041,84.387,46.522,30.719,25.927
238.0,101.608,84.31,39.62,30.724,25.951
239.0,101.334,84.214,27.164,30.784,25.953
240.0,101.034,84.135,39.632,30.767,26.007
241.0,100.636,84.043,41.841,30.83,25.999
242.0,100.289,83.87,41.734,30.839,26.002
243.0,99.979,83.749,41.674,30.881,26.015
244.0,99.62,83.684,41.661,30.9,26.053
245.0,99.318,83.534,41.61,30.882,26.053
246.0,99.011,83.429,41.604,30.993,26.09
247.0,98.688,83.269,41.622,31.021,26.135
248.0,98.341,83.117,41.658,30.972,26.115
249.0,98.09,83.013,41.725,30.928,26.118
250.0,97.865,82.921,41.612,30.918,26.163
251.0,97.586,82.81,41.595,30.971,26.136
252.0,97.314,82.64,41.491,31.02,26.126
253.0,97.038,82.491,41.303,31.057,26.133
254.0,96.794,82.318,41.214,31.138,26.19
255.0,96.504,83.58,41.599,31.227,26.249
256.0,96.288,94.623,45.888,31.879,26.308
257.0,96.403,109.205,51.018,32.61,26.412
258.0,96.228,124.75,56.459,33.439,26.582
259.0,96.614,140.468,61.083,34.041,26.597
260.0,96.445,155.045,65.689,34.783,26.763
261.0,96.508,170.59,69.626,35.267,26.789
262.0,96.741,184.186,72.787,35.813,26.869
263.0,96.58,196.788,76.796,36.442,26.901
264.0,96.402,207.932,82.191,36.985,27.143
265.0,96.371,217.097,87.247,37.509,27.112
266.0,96.587,224.775,90.853,38.07,27.215
267.0,96.519,231.278,93.921,38.61,27.441
268.0,96.369,236.918,96.792,39.199,27.625
269.0,96.264,241.798,99.222,39.81,27.677
270.0,96.751,247.112,101.386,40.295,27.804
271.0,96.626,251.874,103.632,40.964,27.97
272.0,96.381,256.42,105.874,41.508,28.081
273.0,96.447,260.737,107.841,42.018,28.253
274.0,95.996,264.623,109.488,42.379,28.114
275.0,96.528,268.756,111.16,42.996,28.273
276.0,96.228,272.559,115.522,43.497,28.405
277.0,95.791,276.295,117.382,43.988,28.551
278.0,96.401,279.532,118.87,44.544,28.761
279.0,96.504,282.617,119.99,45.087,28.897
280.0,96.279,285.678,121.066,45.624,28.894
281.0,96.534,288.409,122.349,46.098,28.901
282.0,96.94,290.991,123.724,46.694,29.35
283.0,96.767,293.764,124.722,47.106,29.223
284.0,97.076,296.4,126.386,47.72,29.431
285.0,97.034,299.111,127.373,48.218,29.554
286.0,111.32,321.492,143.182,48.765,29.659
287.0,114.223,329.516,142.812,49.227,29.773
288.0,115.156,329.287,142.18,49.619,29.803
289.0,119.485,333.35,143.927,50.183,29.828
290.0,118.443,336.449,152.894,50.68,30.028
291.0,118.362,334.487,149.283,51.205,30.254
292.0,119.193,335.003,157.386,51.817,30.363
293.0,119.818,336.722,143.272,52.217,30.418
294.0,119.507,342.473,140.342,52.676,30.482
295.0,122.022,346.591,157.347,53.101,30.656
296.0,123.548,350.778,146.235,53.791,30.736
297.0,122.753,353.755,161.496,54.298,30.82
298.0,122.354,357.906,160.201,54.788,31.005
299.0,124.378,359.599,160.106,55.349,31.053
300.0,122.374,361.388,157.107,55.928,31.226
301.0,125.775,357.127,162.203,56.373,31.222
302.0,126.851,358.929,164.945,56.984,31.514
303.0,124.577,357.753,153.481,57.528,31.409
304.0,126.078,359.636,157.655,58.151,31.595
305.0,125.243,356.583,161.72,58.688,31.695
306.0,125.838,357.14,169.615,59.136,31.72
307.0,127.238,358.299,170.111,59.735,31.886
308.0,125.914,364.946,165.544,60.112,31.882
309.0,127.584,367.841,168.717,60.898,32.147
310.0,127.405,368.972,169.343,61.54,32.275
311.0,129.906,369.311,161.935,62.005,32.384
312.0,128.823,371.961,175.015,62.678,32.468
313.0,131.349,369.443,167.327,63.261,32.597
314.0,130.816,370.986,159.352,63.988,32.753
315.0,131.285,367.868,167.942,64.602,32.885
316.0,131.283,368.716,168.921,65.283,32.987
317.0,132.869,369.244,167.837,65.907,33.174
318.0,133.372,370.21,166.263,66.426,33.247
319.0,133.758,374.216,155.691,67.268,33.406
320.0,133.988,372.726,157.059,67.92,33.63
321.0,120.589,362.629,146.43,68.673,33.713
322.0,111.755,345.559,134.578,68.766,33.698
323.0,112.229,339.739,130.955,68.759,33.728
324.0,112.639,333.925,125.614,68.689,33.822
325.0,113.144,327.822,122.532,68.506,34.015
326.0,113.441,322.995,120.1,68.332,34.024
327.0,113.878,317.198,117.999,68.05,34.071
328.0,114.298,311.423,116.271,67.754,34.1
329.0,114.648,305.828,114.577,67.461,34.161
330.0,115.134,300.463,112.836,67.348,34.246
331.0,115.457,295.173,111.307,67.177,34.226
332.0,115.799,290.164,109.74,67.117,34.266
333.0,116.128,285.361,108.186,67.072,34.307
334.0,116.348,280.662,106.626,66.995,34.371
335.0,116.744,276.204,105.28,67.082,34.44
336.0,117.187,271.909,103.851,67.13,34.53
337.0,117.517,267.768,102.697,67.176,34.603
338.0,117.806,263.804,101.445,67.301,34.682
339.0,118.116,259.929,100.216,67.232,34.732
340.0,118.483,256.232,99.159,67.337,34.813
341.0,118.743,252.631,98.046,67.32,34.829
342.0,119.033,249.283,96.959,67.415,34.968
343.0,119.418,246.064,95.948,67.427,35.075
344.0,119.706,242.976,94.963,67.514,35.245
345.0,119.908,239.939,93.896,67.474,35.277
346.0,120.268,237.024,92.956,67.518,35.362
347.0,120.526,234.224,92.125,67.637,35.483
348.0,120.766,231.503,91.371,67.615,35.518
349.0,121.01,228.931,90.477,67.663,35.638
350.0,121.225,226.442,89.597,67.679,35.738
351.0,121.475,224.066,88.782,67.733,35.762
352.0,121.636,221.793,88.011,67.721,35.891
353.0,121.771,219.601,87.244,67.761,35.948
354.0,122.026,217.485,86.504,67.833,36.044
355.0,122.204,215.397,85.788,67.868,36.164
356.0,122.379,213.471,85.121,67.867,36.254
357.0,122.484,211.464,84.372,67.919,36.311
358.0,122.72,209.653,83.734,67.949,36.523
359.0,122.842,207.821,83.088,67.941,36.56
360.0,122.956,205.978,82.457,67.983,36.651
361.0,123.035,204.252,81.833,67.998,36.717
362.0,123.275,202.518,81.325,68.0,36.858
363.0,123.396,200.948,80.817,68.117,36.89
364.0,123.602,199.368,80.341,68.161,37.023
365.0,123.718,197.783,79.779,68.168,37.191
366.0,123.826,196.267,79.401,68.193,37.266
367.0,123.862,194.796,78.913,68.189,37.293
368.0,123.963,193.335,78.396,68.159,37.368
369.0,124.189,191.918,77.967,68.246,37.498
370.0,124.24,190.531,77.429,68.258,37.639
371.0,124.324,189.171,76.903,68.296,37.76
372.0,124.349,187.851,76.437,68.343,37.792
373.0,124.47,186.61,75.989,68.355,37.878
374.0,124.625,185.331,75.621,68.435,38.03
375.0,124.655,184.062,75.227,68.387,38.122
376.0,124.733,182.853,74.857,68.435,38.175
377.0,124.82,181.656,74.493,68.433,38.278
378.0,124.964,180.552,74.171,68.463,38.408
379.0,124.986,179.419,73.692,68.511,38.489
380.0,125.027,178.326,73.203,68.581,38.632
381.0,125.064,177.27,72.852,68.516,38.773
382.0,125.096,176.226,72.384,68.58,38.793
383.0,125.16,175.166,72.012,68.548,38.866
384.0,125.237,174.237,71.756,68.612,39.062
385.0,125.25,173.188,71.341,68.627,39.139
386.0,125.288,172.208,71.008,68.622,39.257
387.0,125.335,171.212,70.647,68.629,39.34
388.0,125.356,170.33,70.356,68.667,39.429
389.0,125.398,169.378,70.077,68.615,39.587
390.0,125.474,168.41,69.747,68.649,39.663
391.0,125.494,167.513,69.418,68.598,39.748
392.0,125.502,166.683,69.117,68.644,39.871
393.0,125.522,165.695,68.72,68.65,39.974
394.0,125.518,164.905,68.349,68.61,40.066
395.0,125.61,164.136,68.172,68.612,40.173
396.0,125.549,163.227,67.842,68.576,40.208
397.0,125.577,162.363,67.575,68.557,40.333
398.0,125.571,161.579,67.281,68.526,40.456
399.0,125.643,160.842,66.972,68.565,40.515
400.0,125.615,160.004,66.807,68.618,40.697
401.0,125.633,159.272,66.569,68.588,40.753
402.0,125.672,158.444,66.301,68.649,40.845
403.0,125.616,157.758,66.033,68.738,40.917
404.0,125.629,157.026,65.733,68.725,41.079
405.0,125.51,156.208,65.417,68.757,41.173
406.0,125.539,155.511,65.188,68.8,41.246
407.0,125.491,154.713,64.735,68.728,41.322
408.0,125.548,154.106,64.404,68.745,41.42
409.0,125.551,153.368,64.309,68.804,41.562
410.0,125.524,152.65,64.192,68.793,41.645
411.0,125.481,151.914,63.919,68.797,41.781
412.0,125.495,151.269,63.47,68.837,41.889
413.0,125.47,150.547,63.116,68.72,41.995
414.0,125.43,149.883,62.846,68.745,42.062
415.0,125.382,149.29,62.468,68.753,42.183
416.0,125.312,148.586,62.129,68.693,42.239
417.0,125.286,147.982,61.968,68.731,42.366
418.0,125.262,147.345,61.703,68.701,42.49
419.0,125.229,146.668,61.645,68.765,42.545
420.0,125.165,146.035,61.517,68.763,42.666
421.0,125.08,145.44,61.346,68.79,42.768
422.0,125.007,144.805,61.123,68.763,42.902
423.0,125.013,144.209,60.931,68.911,43.023
424.0,124.944,143.576,60.685,68.848,43.072
425.0,124.93,143.023,60.43,68.828,43.188
426.0,124.826,142.474,60.117,68.787,43.298
427.0,124.748,141.801,59.923,68.763,43.372
428.0,124.738,141.225,59.702,68.728,43.45
429.0,124.555,140.657,59.494,68.642,43.51
430.0,124.531,140.119,59.292,68.703,43.639
431.0,124.468,139.617,59.061,68.794,43.745
432.0,124.39,139.084,58.851,68.738,43.85
433.0,124.261,138.516,58.645,68.699,43.98
434.0,124.161,137.934,58.442,68.647,44.031
435.0,124.11,137.427,58.336,68.696,44.083
436.0,124.024,136.856,58.155,68.645,44.216
437.0,123.914,136.369,58.043,68.642,44.34
438.0,123.906,135.874,57.913,68.718,44.477
439.0,123.748,135.281,57.761,68.647,44.491
440.0,123.71,134.805,57.627,68.628,44.617
441.0,123.609,134.311,57.504,68.653,44.714
442.0,123.473,133.826,57.12,68.606,44.778
443.0,123.396,133.348,57.003,68.702,44.815
444.0,123.267,132.897,60.395,68.619,44.964
445.0,123.166,132.41,59.975,68.679,45.017
446.0,123.077,131.983,60.692,68.72,45.144
447.0,122.9,131.506,59.33,68.631,45.221
448.0,122.763,130.962,58.235,68.678,45.331
449.0,122.653,130.542,57.824,68.751,45.428
450.0,122.492,130.113,57.36,68.748,45.538
451.0,122.309,129.587,56.502,68.668,45.592
452.0,122.227,129.119,56.11,68.658,45.685
453.0,122.141,128.695,55.773,68.638,45.806
454.0,121.974,128.22,55.37,68.599,45.89
455.0,121.95,127.899,55.038,68.758,46.012
456.0,121.827,127.435,54.489,68.71,46.09
457.0,121.725,126.976,54.168,68.72,46.17
458.0,121.623,126.551,53.858,68.683,46.224
459.0,121.491,126.14,53.639,68.689,46.323
460.0,121.366,125.654,53.212,68.622,46.403
461.0,121.262,125.278,52.927,68.622,46.479
462.0,121.092,124.888,52.679,68.622,46.546
463.0,121.03,124.487,52.58,68.609,46.659
464.0,120.882,124.002,52.474,68.567,46.782
465.0,120.827,123.696,52.541,68.552,46.882
466.0,120.622,123.316,52.248,68.53,46.901
467.0,120.508,122.878,51.934,68.518,47.052
468.0,120.393,122.483,51.818,68.585,47.146
469.0,120.237,122.101,51.68,68.478,47.164
470.0,120.185,121.701,51.469,68.576,47.306
471.0,120.009,121.307,51.244,68.495,47.309
472.0,119.817,120.979,51.119,68.411,47.388
473.0,119.707,120.594,51.104,68.383,47.491
474.0,119.524,120.211,51.171,68.372,47.571
475.0,119.369,119.872,51.103,68.346,47.637
476.0,119.262,119.533,50.982,68.402,47.821
477.0,119.084,119.118,50.817,68.362,47.868
478.0,119.013,118.801,50.72,68.324,47.876
479.0,118.779,118.4,51.958,68.343,48.015
480.0,118.692,118.132,52.329,68.38,48.239
481.0,118.506,117.763,53.653,68.398,48.329
482.0,118.374,117.464,55.201,68.426,48.411
483.0,118.263,117.072,56.292,68.541,48.401
484.0,118.107,116.746,56.195,68.52,48.562
485.0,117.959,116.45,53.36,68.597,48.778
486.0,117.855,116.22,70.013,68.678,48.853
487.0,117.673,115.869,101.633,68.519,48.763
488.0,117.537,115.62,99.128,68.585,48.939
489.0,117.326,115.311,98.85,68.65,49.002
490.0,117.087,115.018,98.561,68.592,49.088
491.0,116.97,114.79,67.817,68.509,49.179
492.0,116.751,114.484,75.866,68.468,49.253
493.0,116.612,114.245,97.499,68.641,49.325
494.0,116.42,114.036,85.502,68.643,49.519
495.0,116.216,113.793,104.546,68.707,49.494
496.0,115.993,113.573,104.837,68.692,49.46
497.0,115.836,113.408,104.3,68.735,49.587
498.0,115.651,113.215,103.054,68.782,49.696
499.0,115.472,112.983,87.939,68.25,49.805
500.0,115.224,112.762,65.372,68.271,49.721
501.0,114.963,112.546,74.107,68.341,49.812
502.0,114.843,112.397,82.952,68.411,49.905
503.0,114.642,112.049,80.22,67.967,49.903
504.0,114.43,111.945,63.361,68.269,49.999
505.0,114.222,111.783,62.457,68.195,50.083
506.0,114.127,111.642,62.313,68.358,50.194
507.0,113.861,111.448,68.921,68.374,50.217
508.0,113.692,111.244,69.785,68.292,50.302
509.0,113.515,111.109,69.777,68.464,50.401
510.0,113.267,110.927,54.603,68.651,50.545
511.0,113.08,110.776,50.847,68.674,50.563
512.0,112.921,110.606,48.856,68.69,50.695
513.0,112.677,110.459,61.78,68.689,50.669
514.0,112.512,110.241,71.48,68.666,50.709
515.0,112.34,110.136,70.909,68.726,50.852
516.0,112.138,109.954,76.049,68.707,50.938
517.0,111.912,109.853,75.495,68.75,50.974
518.0,111.646,109.63,72.739,68.73,51.005
519.0,111.506,109.511,63.428,68.746,51.11
520.0,111.252,109.343,51.466,68.79,51.166
521.0,111.044,109.252,54.538,68.741,51.27
522.0,110.844,109.039,40.967,68.715,51.32
523.0,110.688,108.997,40.428,68.741,51.418
524.0,110.496,108.808,41.118,68.672,51.476
525.0,110.379,108.672,38.09,68.682,51.541
526.0,110.229,108.541,38.021,68.683,51.612
527.0,110.057,108.366,37.923,68.641,51.704
528.0,109.913,108.242,38.204,68.628,51.766
529.0,109.73,108.078,38.999,68.512,51.836
530.0,109.644,108.009,39.217,68.525,51.874
531.0,109.451,107.815,39.363,68.494,51.976
532.0,109.243,107.655,39.18,68.567,52.034
533.0,109.127,107.517,38.842,68.586,52.103
534.0,108.906,107.369,38.543,68.616,52.194
535.0,108.777,107.247,38.513,68.611,52.267
536.0,108.535,107.019,38.332,68.563,52.279
537.0,108.381,107.027,38.384,68.652,52.412
538.0,108.278,106.832,38.499,68.657,52.491
539.0,108.044,106.684,40.761,68.614,52.542
540.0,107.931,106.567,43.593,68.57,52.595
541.0,107.789,106.463,45.694,68.624,52.734
542.0,107.573,106.314,45.526,68.601,52.696
543.0,107.404,106.16,45.385,68.6,52.751
544.0,107.26,106.055,45.084,68.597,52.864
545.0,107.119,105.888,44.912,68.56,52.929
546.0,106.988,105.719,44.375,68.458,52.997
547.0,106.842,105.662,50.168,68.515,53.064
548.0,106.708,105.529,53.902,68.466,53.175
549.0,106.474,105.339,79.31,68.372,53.153
550.0,106.358,105.227,80.006,68.167,53.29
551.0,106.246,105.117,54.017,67.792,53.308
552.0,106.089,104.938,44.725,67.84,53.369
553.0,105.875,104.798,44.122,67.859,53.371
554.0,105.807,104.704,44.181,67.947,53.513
555.0,105.627,104.579,44.162,68.028,53.545
556.0,105.48,104.439,44.076,68.108,53.63
557.0,105.341,104.341,44.004,68.145,53.671
558.0,105.204,104.224,44.037,68.104,53.768
559.0,104.95,104.028,44.314,68.054,53.775
560.0,104.807,103.972,44.221,68.127,53.827
561.0,104.719,103.864,44.107,68.132,53.939
562.0,104.503,103.684,43.966,68.033,53.974
563.0,104.33,103.543,43.698,67.888,54.014
564.0,104.26,103.438,43.645,67.9,54.133
565.0,103.924,103.711,47.445,69.542,54.289
566.0,103.847,104.363,50.52,75.368,54.804
567.0,103.821,104.981,52.647,82.933,55.407
568.0,103.593,105.544,54.076,91.666,55.891
569.0,103.699,106.13,57.044,100.777,56.464
570.0,103.452,106.653,61.757,110.274,56.969
571.0,103.123,106.995,66.06,119.611,57.558
572.0,103.013,107.426,69.838,129.081,58.044
573.0,102.887,107.494,73.928,138.612,58.579
574.0,102.833,107.868,76.815,148.867,59.088
575.0,102.771,108.275,79.616,159.017,59.654
576.0,102.642,108.649,84.647,170.97,60.239
577.0,102.644,108.875,96.058,185.371,60.805
578.0,102.474,109.274,102.697,196.133,61.315
579.0,102.463,109.661,103.637,205.407,61.967
580.0,102.168,109.803,100.589,220.727,62.553
581.0,102.119,110.026,102.634,214.139,63.179
582.0,101.929,110.308,100.791,224.815,63.9
583.0,102.015,110.447,100.166,222.937,64.441
584.0,101.848,110.658,103.044,231.032,65.108
585.0,101.581,110.738,104.72,234.821,65.835
586.0,101.607,111.027,106.464,238.942,66.421
587.0,101.576,111.218,109.058,232.441,67.167
588.0,101.512,111.5,110.732,252.47,67.795
589.0,101.328,111.631,113.192,261.758,68.511
590.0,101.033,111.859,111.609,258.056,69.178
591.0,100.693,112.116,108.776,258.09,69.849
592.0,100.511,112.222,114.084,263.843,70.547
593.0,100.861,112.46,116.314,263.398,71.284
594.0,100.261,112.823,117.779,272.403,71.965
595.0,100.317,112.898,114.226,273.715,72.773
596.0,100.146,112.901,113.456,278.269,73.502
597.0,100.251,113.262,114.872,279.7,74.45
598.0,99.744,113.435,119.361,286.961,75.069
599.0,99.908,113.519,118.691,283.628,75.917
600.0,99.942,114.017,117.929,295.101,76.645
601.0,99.672,113.989,121.242,294.894,77.639
602.0,99.681,114.352,122.539,298.625,78.344
603.0,99.619,114.506,120.304,300.936,79.24
604.0,99.729,114.646,121.955,298.398,79.988
605.0,99.215,114.927,121.81,299.898,80.905
606.0,99.03,115.234,122.347,304.503,81.781
607.0,99.049,115.029,125.292,313.646,82.56
608.0,98.925,115.831,125.708,312.452,83.468
609.0,98.963,115.959,125.259,315.233,84.3
610.0,98.85,116.263,129.215,319.704,85.244
611.0,98.929,116.103,123.483,310.197,86.241
612.0,98.487,116.39,127.389,320.433,87.163
613.0,98.32,116.335,125.821,315.838,88.048
614.0,98.083,116.787,125.518,317.771,89.071
615.0,98.102,117.111,125.285,317.426,90.007
616.0,97.86,117.278,128.556,326.434,90.859
617.0,98.03,117.504,123.943,312.026,91.958
618.0,98.375,117.833,129.09,327.415,92.872
619.0,98.204,117.786,128.519,325.552,93.81
620.0,97.848,118.272,131.143,327.719,94.956
621.0,97.651,118.466,130.358,326.943,95.873
622.0,97.63,118.751,125.904,332.549,96.827
623.0,97.505,118.841,123.757,324.054,97.959
624.0,97.323,119.041,128.611,330.33,99.001
625.0,97.144,119.364,132.801,332.563,99.985
626.0,97.303,119.589,131.558,337.725,101.089
627.0,96.927,119.991,132.499,335.495,102.13
628.0,96.964,120.248,134.149,343.188,102.94
629.0,96.716,120.384,133.019,338.55,103.947
630.0,96.857,120.523,132.22,339.235,104.968
631.0,96.496,120.909,132.513,354.686,106.024
632.0,96.494,121.113,130.74,335.508,106.938
633.0,96.32,121.45,133.162,342.442,108.084
634.0,96.325,121.613,130.505,337.122,108.763
635.0,96.259,121.832,136.681,341.533,109.888
636.0,96.143,121.987,131.055,353.601,110.773
637.0,95.988,122.137,133.153,336.928,111.677
638.0,96.095,122.748,128.226,352.664,112.727
639.0,95.843,122.784,134.843,348.344,113.762
640.0,96.001,123.268,135.304,354.584,114.602
641.0,95.902,123.464,133.857,357.598,115.608
642.0,95.612,123.57,132.325,348.321,116.649
643.0,95.312,123.928,138.264,356.742,117.576
644.0,95.411,123.845,128.666,351.638,118.351
645.0,95.172,124.679,136.233,349.78,119.301
646.0,95.218,124.442,138.323,356.239,120.14
647.0,95.472,124.842,136.903,356.628,121.071
648.0,95.747,125.006,140.513,360.829,121.941
649.0,95.181,125.646,138.79,353.778,122.89
650.0,94.941,125.427,138.235,360.22,123.655
651.0,94.877,126.099,142.036,360.849,124.474
652.0,94.916,126.099,140.528,371.872,125.484
653.0,94.741,126.615,137.713,367.694,126.229
654.0,94.825,126.928,138.742,372.548,127.215
655.0,94.639,126.744,135.178,371.019,128.013
656.0,94.782,127.459,138.885,376.525,128.986
657.0,94.741,127.482,140.32,368.794,129.611
658.0,94.583,128.026,136.776,369.425,130.557
659.0,94.481,127.993,138.864,372.358,131.509
660.0,94.283,128.357,133.452,372.288,132.336
661.0,94.318,128.607,138.422,369.302,133.148
662.0,94.109,128.707,139.922,366.764,133.833
663.0,94.069,129.332,137.078,375.188,134.819
664.0,94.178,129.589,138.6,377.762,135.533
665.0,94.109,130.02,138.14,374.815,136.461
666.0,93.875,129.658,125.258,353.946,137.106
667.0,93.785,129.252,120.511,346.275,137.535
668.0,93.673,128.862,119.192,342.841,137.936
669.0,93.663,128.568,117.79,339.297,138.328
670.0,93.577,128.19,116.35,335.711,138.745
671.0,93.529,127.955,115.043,331.826,139.096
672.0,93.416,127.67,113.682,328.097,139.459
673.0,93.332,127.436,112.407,324.274,139.68
674.0,93.314,127.244,111.023,320.458,139.974
675.0,93.19,126.963,109.71,316.548,140.108
676.0,93.14,126.784,108.464,312.699,140.27
677.0,93.071,126.64,107.253,308.933,140.441
678.0,93.029,126.477,106.107,305.24,140.637
679.0,92.925,126.349,104.962,301.511,140.756
680.0,92.889,126.119,103.951,297.946,140.832
681.0,92.905,126.068,102.981,294.459,140.949
682.0,92.818,125.942,101.898,290.911,140.934
683.0,92.784,125.849,100.861,287.566,141.031
684.0,92.747,125.699,99.864,284.37,141.073
685.0,92.736,125.571,98.896,281.261,141.115
686.0,92.723,125.564,98.018,278.176,141.088
687.0,92.598,125.341,97.109,274.938,141.017
688.0,92.582,125.274,96.267,271.879,140.987
689.0,92.477,125.136,95.371,268.933,140.959
690.0,92.427,125.132,94.493,266.049,140.792
691.0,92.421,125.084,93.61,263.367,140.785
692.0,92.332,125.0,92.885,260.724,140.666
693.0,92.227,124.892,92.081,257.994,140.512
694.0,92.266,124.901,91.333,255.446,140.46
695.0,92.15,124.81,90.616,252.949,140.272
696.0,92.105,124.713,89.935,250.57,140.234
697.0,92.051,124.67,89.319,248.288,140.04
698.0,92.048,124.673,88.644,245.989,139.92
699.0,91.958,124.589,87.944,243.817,139.792
700.0,92.04,124.6,87.401,241.748,139.719
701.0,91.994,124.533,86.759,239.756,139.592
702.0,92.044,124.543,86.142,238.015,139.49
703.0,91.961,124.437,85.57,236.397,139.356
704.0,91.986,124.464,85.239,234.6,139.256
705.0,91.954,124.335,84.721,232.66,139.102
706.0,91.892,124.352,84.263,230.849,139.004
707.0,91.93,124.374,83.8,229.251,138.974
708.0,91.92,124.306,83.369,227.545,138.937
709.0,91.861,124.256,82.921,225.861,138.782
710.0,91.855,124.227,82.396,224.243,138.72
711.0,91.794,124.17,81.843,222.653,138.634
712.0,91.847,124.193,81.553,221.225,138.629
713.0,91.758,124.129,81.129,219.728,138.484
714.0,91.727,124.102,80.71,218.401,138.478
715.0,91.642,124.074,80.383,216.902,138.417
716.0,91.508,124.026,79.897,215.427,138.269
717.0,91.553,124.015,79.474,214.039,138.249
718.0,91.542,124.001,79.055,212.702,138.191
719.0,91.561,124.024,78.783,211.442,138.194
720.0,91.509,123.943,78.444,210.116,138.07
721.0,91.516,123.891,78.272,208.819,138.013
722.0,91.565,123.93,77.929,207.527,137.984
723.0,91.519,123.878,77.537,206.29,137.872
724.0,91.516,123.778,77.111,205.084,137.836
725.0,91.53,123.82,76.814,203.92,137.81
726.0,91.543,123.819,76.515,202.736,137.735
727.0,91.47,123.713,76.132,201.553,137.688
728.0,91.512,123.633,75.829,200.383,137.631
729.0,91.501,123.604,75.448,199.253,137.572
730.0,91.5,123.613,75.113,198.243,137.544
731.0,91.565,123.633,74.807,197.198,137.516
732.0,91.581,123.583,74.581,196.121,137.513
733.0,91.586,123.523,74.341,195.024,137.445
734.0,91.551,123.518,74.113,194.012,137.389
735.0,91.524,123.462,73.843,193.043,137.33
736.0,91.581,123.415,73.591,192.064,137.275
737.0,91.523,123.361,73.325,191.084,137.257
738.0,91.552,123.376,73.05,190.172,137.212
739.0,91.499,123.35,72.798,189.255,137.159
740.0,91.493,123.268,72.53,188.309,137.117
741.0,91.506,123.198,72.243,187.471,137.135
742.0,91.457,123.196,71.939,186.593,137.084
743.0,91.472,123.111,71.637,185.707,137.027
744.0,91.506,123.058,71.374,184.873,137.005
745.0,91.487,123.028,71.145,184.042,137.048
746.0,91.572,123.083,70.943,183.263,137.053
747.0,91.468,122.924,70.651,182.345,136.934
748.0,91.473,122.85,70.398,181.576,136.949
749.0,91.506,122.869,70.152,180.781,136.819
750.0,91.466,122.805,69.888,180.053,136.889
751.0,91.489,122.812,69.638,179.294,136.767
752.0,91.491,122.72,69.469,178.498,136.773
753.0,91.511,122.69,69.318,177.765,136.687
754.0,91.529,122.64,69.109,177.053,136.66
755.0,91.488,122.541,68.865,176.337,136.645
756.0,91.485,122.492,68.664,175.617,136.556
757.0,91.479,122.363,68.412,174.859,136.45
758.0,91.523,122.378,68.142,174.175,136.476
759.0,91.519,122.268,67.88,173.56,136.403
760.0,91.502,122.174,67.632,172.849,136.349
761.0,91.568,122.223,67.542,172.235,136.332
762.0,91.534,122.093,67.329,171.518,136.27
763.0,91.516,122.077,67.119,170.851,136.223
764.0,91.595,122.009,67.015,170.234,136.124
765.0,91.616,122.004,66.853,169.619,136.083
766.0,91.532,121.874,66.633,168.93,136.022
767.0,91.546,121.775,66.451,168.321,135.903
768.0,91.566,121.697,66.321,167.738,135.857
769.0,91.58,121.677,66.182,167.123,135.887
770.0,91.526,121.62,66.034,166.54,135.765
771.0,91.551,121.557,65.82,165.958,135.642
772.0,91.641,121.495,65.688,165.386,135.713
773.0,91.612,121.403,65.461,164.773,135.538
774.0,91.596,121.351,65.341,164.172,135.501
775.0,91.608,121.268,65.038,163.518,135.421
776.0,91.612,121.176,64.832,163.022,135.339
777.0,91.657,121.122,64.683,162.462,135.322
778.0,91.573,120.985,64.527,161.892,135.179
779.0,91.567,120.908,64.426,161.319,135.106
780.0,91.548,120.841,64.229,160.776,135.01
781.0,91.568,120.758,64.144,160.257,134.965
782.0,91.556,120.708,64.067,159.734,134.87
783.0,91.565,120.603,63.927,159.158,134.773
784.0,91.602,120.546,63.823,158.611,134.68
785.0,91.559,120.434,63.67,158.115,134.631
786.0,91.562,120.364,63.545,157.676,134.55
787.0,91.603,120.305,63.367,157.185,134.51
788.0,91.619,120.145,63.21,156.67,134.358
789.0,91.564,120.074,62.873,156.159,134.284
790.0,91.584,120.024,62.74,155.687,134.187
791.0,91.555,119.886,62.58,155.205,134.117
792.0,91.655,119.847,62.454,154.752,134.042
793.0,91.561,119.694,62.145,154.161,133.883
794.0,91.644,119.666,62.039,153.782,133.836
795.0,91.684,119.572,61.908,153.307,133.747
796.0,91.657,119.482,61.796,152.79,133.628
797.0,91.691,119.431,61.679,152.437,133.562
798.0,91.638,119.309,61.506,151.885,133.496
799.0,91.673,119.229,61.403,151.429,133.311
800.0,91.679,119.105,61.318,150.935,133.223
801.0,91.691,119.006,61.193,150.495,133.112
802.0,91.69,118.93,60.97,150.053,133.064
803.0,91.676,118.806,60.912,149.604,132.926
804.0,91.678,118.734,60.877,149.148,132.812
805.0,91.623,118.618,60.746,148.687,132.647
806.0,91.638,118.514,60.59,148.249,132.545
807.0,91.622,118.351,60.312,147.801,132.441
808.0,91.671,118.324,60.262,147.442,132.38
809.0,91.681,118.21,60.212,147.066,132.242
810.0,91.659,118.105,60.109,146.63,132.119
811.0,91.752,118.069,60.119,146.279,132.028
812.0,91.65,117.92,59.946,145.846,131.898
813.0,91.611,117.804,59.752,145.371,131.73
814.0,91.652,117.701,59.517,144.915,131.615
815.0,91.647,117.604,59.38,144.581,131.465
816.0,91.642,117.511,59.279,144.202,131.437
817.0,91.651,117.415,59.163,143.75,131.245
818.0,91.676,117.301,59.1,143.436,131.173
819.0,91.696,117.251,59.035,143.04,131.091
820.0,91.695,117.101,58.913,142.682,130.916
821.0,91.72,116.952,58.809,142.265,130.799
822.0,91.707,116.873,58.679,141.857,130.635
823.0,91.73,116.804,58.535,141.537,130.548
824.0,91.754,116.749,58.444,141.143,130.491
825.0,91.756,116.605,58.351,140.749,130.348
826.0,91.711,116.446,58.246,140.377,130.219
827.0,91.675,116.314,58.077,139.972,129.991
828.0,91.707,116.224,58.047,139.681,129.894
829.0,91.695,116.114,57.972,139.32,129.773
830.0,91.647,115.985,57.815,138.924,129.63
831.0,91.664,115.907,57.746,138.616,129.551
832.0,91.564,115.757,57.569,138.232,129.354
833.0,91.646,115.658,57.446,137.895,129.239
834.0,91.549,115.524,57.325,137.495,129.056
835.0,91.53,115.462,57.2,137.185,128.961
836.0,91.563,115.337,57.12,136.859,128.825
837.0,91.557,115.241,56.983,136.51,128.668
838.0,91.555,115.08,56.771,136.199,128.567
839.0,91.565,114.988,56.743,135.853,128.439
840.0,91.616,114.889,56.846,135.533,128.357
841.0,91.595,114.789,56.684,135.162,128.161
842.0,91.603,114.679,56.689,134.882,128.036
843.0,91.592,114.569,56.64,134.527,127.926
844.0,91.584,114.433,56.584,134.245,127.795
845.0,91.584,114.307,56.355,133.853,127.644
846.0,91.607,114.285,56.256,133.576,127.548
847.0,91.591,114.081,56.145,133.253,127.364
848.0,91.581,113.939,55.907,132.949,127.268
849.0,91.543,113.859,55.768,132.619,127.115
850.0,91.575,113.757,55.735,132.367,127.044
851.0,91.483,113.61,55.578,132.02,126.732
852.0,91.499,113.463,55.621,131.664,126.687
853.0,91.595,113.479,55.476,131.327,126.614
854.0,91.468,113.282,55.175,130.933,126.355
855.0,91.488,113.183,55.15,130.657,126.256
856.0,91.444,113.078,54.903,130.279,126.099
857.0,91.446,112.955,54.613,129.955,125.932
858.0,91.425,112.831,54.444,129.672,125.818
859.0,91.497,112.749,54.547,129.444,125.724
860.0,91.365,112.571,54.565,129.098,125.584
861.0,91.391,112.435,54.497,128.728,125.38
862.0,91.393,112.359,54.549,128.507,125.247
863.0,91.37,112.28,54.538,128.175,125.17
864.0,91.382,112.123,54.428,127.885,124.95
865.0,91.34,111.994,54.447,127.62,124.849
866.0,91.268,111.842,54.445,127.25,124.719
867.0,91.252,111.72,54.313,126.948,124.576
868.0,91.262,111.666,54.345,126.709,124.488
869.0,91.272,111.529,54.234,126.473,124.302
870.0,91.244,111.428,54.133,126.135,124.141
871.0,91.227,111.267,53.957,125.846,123.988
872.0,91.207,111.121,53.807,125.583,123.841
873.0,91.171,111.033,53.63,125.357,123.717
874.0,91.172,110.9,53.62,125.097,123.602
875.0,91.122,110.784,53.461,124.824,123.454
876.0,91.082,110.627,53.205,124.554,123.282
877.0,91.088,110.508,53.051,124.236,123.124
878.0,91.028,110.402,53.077,124.024,123.038
879.0,91.08,110.334,53.13,123.786,122.935
880.0,90.98,110.113,52.995,123.442,122.727
881.0,90.982,110.074,53.116,123.247,122.571
882.0,90.97,109.922,53.069,123.006,122.444
883.0,90.942,109.761,52.929,122.718,122.242
884.0,90.884,109.683,52.851,122.477,122.095
885.0,90.877,109.527,52.753,122.232,121.968
886.0,90.859,109.422,52.733,122.025,121.828
887.0,90.843,109.303,52.634,121.773,121.731
888.0,90.772,109.109,52.524,121.47,121.491
889.0,90.746,109.003,52.519,121.294,121.377
890.0,90.746,108.917,52.332,120.965,121.208
891.0,90.738,108.818,52.145,120.783,121.117
892.0,90.654,108.707,52.053,120.43,120.938
893.0,90.583,108.595,52.089,120.175,120.8
894.0,90.66,108.501,52.085,119.999,120.7
895.0,90.531,108.266,51.935,119.686,120.4
896.0,90.454,108.158,51.846,119.417,120.338
897.0,90.523,108.08,51.725,119.232,120.158
898.0,90.531,107.986,51.671,119.092,120.049
899.0,90.45,107.827,51.627,118.792,119.842
900.0,90.414,107.702,51.506,118.6,119.725
901.0,90.351,107.61,51.403,118.341,119.592
902.0,90.312,107.473,51.289,118.138,119.314
903.0,90.278,107.372,51.284,117.881,119.172
904.0,90.259,107.242,51.103,117.683,119.078
905.0,90.263,107.156,50.954,117.405,118.895
906.0,90.211,107.03,50.904,117.205,118.761
907.0,90.142,106.848,50.813,117.015,118.575
908.0,90.109,106.735,50.776,116.734,118.468
909.0,90.04,106.612,50.677,116.477,118.361
910.0,89.973,106.379,65.203,116.198,118.263
911.0,89.958,106.223,101.794,116.042,118.164
912.0,89.874,106.16,98.366,115.874,117.924
913.0,89.866,105.997,110.815,115.659,117.839
914.0,89.859,105.874,109.515,115.469,117.802
915.0,89.696,105.681,111.804,115.292,117.755
916.0,89.708,105.589,112.604,115.103,117.663
917.0,89.643,105.463,107.703,114.954,117.443
918.0,89.602,105.351,107.459,114.787,117.28
919.0,89.574,105.225,107.193,114.589,117.049
920.0,89.54,105.079,106.741,114.396,116.918
921.0,89.461,104.879,106.213,114.165,116.785
922.0,89.439,104.846,106.182,114.04,116.666
923.0,89.33,104.688,105.975,113.919,116.512
924.0,89.343,104.556,105.864,113.809,116.334
925.0,89.31,104.434,105.606,113.618,116.284
926.0,89.317,104.31,105.221,113.546,116.092
927.0,89.306,104.278,105.224,113.406,116.019
928.0,89.196,104.077,104.893,113.257,115.827
929.0,89.213,103.976,104.839,113.128,115.759
930.0,89.134,103.846,104.729,112.965,115.588
931.0,89.058,103.669,104.587,112.791,115.387
932.0,89.078,103.602,104.278,112.723,115.276
933.0,88.989,103.463,104.063,112.508,115.049
934.0,89.011,103.434,103.94,112.44,114.925
935.0,88.96,103.255,103.4,112.257,114.695
936.0,88.959,103.146,103.372,112.14,114.572
937.0,88.919,103.001,103.23,111.966,114.363
938.0,112.388,123.506,103.779,164.831,129.273
939.0,112.793,126.027,104.162,181.291,142.391
940.0,112.671,123.402,104.714,185.973,152.923
941.0,110.526,125.426,105.413,203.462,166.272
942.0,112.323,129.084,106.029,215.23,179.179
943.0,109.605,129.469,106.166,235.113,189.913
944.0,111.481,128.354,106.577,247.908,200.219
945.0,112.113,126.996,106.768,262.203,209.894
946.0,109.174,126.545,107.081,272.464,219.513
947.0,110.751,128.165,107.463,283.061,228.105
948.0,110.262,127.028,107.449,291.081,235.498
949.0,89.051,111.013,107.711,304.591,261.341
950.0,90.499,114.365,107.85,308.121,271.3
951.0,90.504,115.849,108.095,318.331,282.226
952.0,88.973,112.924,108.243,302.891,283.422
953.0,89.514,112.064,108.369,329.849,285.345
954.0,88.785,107.452,108.545,331.988,289.053
955.0,88.594,105.532,108.707,338.223,298.579
956.0,88.738,104.732,108.768,347.279,300.354
957.0,88.568,104.949,108.758,352.899,299.78
958.0,88.471,105.471,108.913,344.218,311.177
959.0,88.46,106.242,109.05,359.685,315.066
960.0,88.419,107.228,109.152,356.383,320.277
961.0,88.594,107.291,109.448,356.836,322.719
962.0,88.445,106.419,109.353,358.568,318.478
963.0,88.599,105.254,109.379,371.651,322.326
964.0,88.09,103.159,109.264,368.914,326.702
965.0,88.515,103.997,109.668,372.208,329.661
966.0,88.342,105.416,109.765,373.469,327.342
967.0,88.475,106.835,110.011,387.864,335.243
968.0,88.199,107.433,110.008,390.762,340.878
969.0,87.914,106.45,109.912,396.466,341.351
970.0,88.228,103.931,110.261,382.863,346.149
971.0,88.193,102.922,110.323,382.064,341.501
972.0,88.34,106.082,110.492,406.41,346.079
973.0,88.187,106.874,110.305,393.096,346.535
974.0,88.052,107.537,110.596,397.305,351.734
975.0,87.986,107.469,110.662,403.533,358.045
976.0,88.249,106.001,110.828,404.929,358.878
977.0,87.925,107.514,110.879,403.888,362.905
978.0,87.802,106.048,111.046,398.645,366.098
979.0,87.943,104.666,111.156,414.404,363.716
980.0,87.701,105.21,111.334,396.825,369.228
981.0,87.944,105.416,111.45,390.537,366.895
982.0,88.029,104.532,111.466,402.225,369.609
983.0,87.852,103.768,111.541,424.516,377.646
984.0,87.68,104.75,111.6,421.4,372.733
985.0,87.579,104.941,111.712,418.182,380.287
986.0,87.764,103.653,111.671,399.945,380.827
987.0,87.643,102.611,112.009,412.66,385.425
988.0,87.509,101.881,111.97,416.688,385.628
989.0,87.512,102.426,112.216,420.131,387.742
990.0,87.236,100.181,112.32,369.818,372.904
991.0,87.217,98.831,112.045,356.246,360.172
992.0,87.12,98.689,111.738,349.627,353.759
993.0,87.118,98.551,111.505,341.762,348.233
994.0,87.064,98.427,111.215,331.67,343.318
995.0,87.002,98.26,110.918,327.334,338.667
996.0,86.969,98.138,110.743,323.31,334.224
997.0,86.986,98.085,110.622,318.503,330.045
998.0,86.917,97.924,110.394,313.054,325.975
999.0,86.913,97.859,110.225,307.05,322.051
1000.0,86.843,97.682,110.072,301.45,318.288
1001.0,86.806,97.575,110.021,296.387,314.72
1002.0,86.651,97.429,109.695,291.981,311.235
1003.0,86.573,97.248,109.551,288.152,307.897
1004.0,86.456,97.169,109.466,283.517,304.606
1005.0,86.431,97.104,109.269,278.763,301.492
1006.0,86.423,96.985,109.191,274.658,298.53
1007.0,86.412,96.923,109.121,271.229,295.541
1008.0,86.334,96.731,109.069,267.654,292.661
1009.0,86.29,96.638,108.966,264.157,289.913
1010.0,86.306,96.588,108.931,260.735,287.169
1011.0,86.23,96.466,108.891,257.26,284.534
1012.0,86.145,96.413,108.803,253.841,281.877
1013.0,86.145,96.38,108.855,250.687,279.493
1014.0,86.027,96.196,108.683,247.431,276.997
1015.0,85.903,96.052,108.544,244.297,274.629
1016.0,85.878,96.039,108.445,241.327,272.319
1017.0,85.858,95.946,108.416,238.55,270.001
1018.0,85.733,95.818,108.344,235.724,267.771
1019.0,85.658,95.7,108.331,233.198,265.61
1020.0,85.577,95.626,108.186,230.679,263.46
1021.0,85.532,95.561,108.21,228.463,261.422
1022.0,85.566,95.508,108.132,226.26,259.468
1023.0,85.449,95.416,108.103,224.132,257.47
1024.0,85.432,95.27,108.088,222.135,255.556
1025.0,85.347,95.191,107.962,220.097,253.648
1026.0,85.334,95.14,107.943,218.276,251.857
1027.0,85.312,95.133,107.986,216.381,250.073
1028.0,85.235,94.984,107.899,214.665,248.276
1029.0,85.251,94.927,107.892,213.005,246.534
1030.0,85.134,94.776,107.765,211.225,244.744
1031.0,85.147,94.67,107.74,209.595,243.103
1032.0,85.119,94.689,107.815,208.122,241.433
1033.0,85.013,94.599,107.774,206.471,239.738
1034.0,84.999,94.504,107.733,205.009,238.132
1035.0,84.93,94.403,107.678,203.528,236.509
1036.0,84.849,94.382,107.594,202.068,234.849
1037.0,84.828,94.265,107.507,200.697,233.311
1038.0,84.803,94.215,107.35,199.342,231.688
1039.0,84.754,94.09,107.341,197.98,230.134
1040.0,84.659,94.03,107.263,196.674,228.615
1041.0,84.653,93.969,107.25,195.352,227.091
1042.0,84.56,93.868,107.154,194.1,225.552
1043.0,84.629,93.886,107.356,193.048,224.201
1044.0,84.48,93.728,107.256,191.846,222.688
1045.0,84.442,93.629,107.23,190.604,221.264
1046.0,84.412,93.585,107.262,189.52,219.896
1047.0,84.42,93.473,107.056,188.439,218.443
1048.0,84.352,93.442,106.886,187.325,217.073
1049.0,84.353,93.326,106.832,186.303,215.738
1050.0,84.328,93.278,106.923,185.254,214.444
1051.0,84.214,93.175,106.947,184.221,213.109
1052.0,84.169,93.097,106.927,183.281,211.837
1053.0,84.166,93.027,106.885,182.316,210.569
1054.0,84.005,92.934,106.79,181.314,209.26
1055.0,84.002,92.869,106.806,180.404,208.035
1056.0,83.967,92.838,106.854,179.538,206.852
1057.0,83.953,92.821,106.822,178.596,205.66
1058.0,83.841,92.738,106.727,177.724,204.498
1059.0,83.805,92.633,106.683,176.875,203.274
1060.0,83.755,92.585,106.553,175.981,202.107
1061.0,83.736,92.537,106.557,175.207,201.034
1062.0,83.645,92.501,106.468,174.33,199.902
1063.0,83.663,92.446,106.464,173.56,198.813
1064.0,83.579,92.31,106.391,172.73,197.724
1065.0,83.478,92.234,106.268,171.884,196.552
1066.0,83.473,92.243,106.208,171.115,195.54
1067.0,83.409,92.143,106.211,170.354,194.459
1068.0,83.404,92.134,106.203,169.635,193.457
1069.0,83.328,92.059,106.124,168.883,192.392
1070.0,83.322,92.095,106.074,168.187,191.451
1071.0,83.227,91.957,105.973,167.437,190.394
1072.0,83.169,91.9,105.96,166.675,189.373
1073.0,83.07,91.865,105.865,166.016,188.395
1074.0,83.063,91.82,105.829,165.299,187.448
1075.0,82.994,91.72,105.765,164.606,186.485
1076.0,82.947,91.648,105.667,163.918,185.53
1077.0,82.966,91.689,105.7,163.302,184.665
1078.0,82.887,91.612,105.604,162.69,183.742
1079.0,82.846,91.562,105.552,162.066,182.825
1080.0,82.822,91.484,105.367,161.387,181.9
1081.0,82.752,91.421,105.264,160.715,180.998
1082.0,82.741,91.345,105.156,160.107,180.098
1083.0,82.73,91.303,105.085,159.51,179.246
1084.0,82.632,91.189,105.018,158.862,178.339
1085.0,82.648,91.132,104.958,158.282,177.56
1086.0,82.639,91.113,104.918,157.711,176.766
1087.0,82.578,91.024,104.882,157.149,175.893
1088.0,82.58,90.976,104.795,156.519,175.106
1089.0,82.496,90.909,104.674,155.953,174.301
1090.0,82.457,90.88,104.598,155.396,173.533
1091.0,82.37,90.807,104.505,154.828,172.621
1092.0,82.365,90.73,104.5,154.273,171.893
1093.0,82.308,90.695,104.489,153.774,171.151
1094.0,82.203,90.549,104.303,153.133,170.301
1095.0,82.166,90.516,104.221,152.586,169.561
1096.0,82.206,90.51,104.21,152.094,168.873
1097.0,82.074,90.386,104.108,151.505,168.066
1098.0,82.097,90.378,104.058,151.006,167.371
1099.0,81.997,90.329,103.971,150.468,166.668
1100.0,81.941,90.302,103.871,149.966,165.928
1101.0,81.907,90.29,103.771,149.431,165.198
1102.0,81.834,90.174,103.619,148.896,164.426
1103.0,81.876,90.168,103.487,148.424,163.842
1104.0,81.81,90.158,103.416,147.967,163.148
1105.0,81.787,90.088,103.272,147.438,162.45
1106.0,81.722,90.046,103.144,146.964,161.755
1107.0,81.574,89.943,103.062,146.493,161.063
1108.0,81.578,89.879,102.921,146.003,160.387
1109.0,81.539,89.819,102.845,145.529,159.716
1110.0,81.539,89.744,102.836,145.086,159.097
1111.0,81.389,89.669,102.814,144.615,158.426
1112.0,81.383,89.652,102.78,144.132,157.812
1113.0,81.336,89.639,102.711,143.726,157.193
1114.0,81.329,89.559,102.669,143.284,156.589
1115.0,81.257,89.481,102.518,142.798,155.977
1116.0,81.327,89.466,102.52,142.426,155.424
1117.0,81.232,89.396,102.428,142.009,154.839
1118.0,81.179,89.315,102.327,141.569,154.14
1119.0,81.132,89.276,102.244,141.186,153.609
1120.0,81.088,89.205,102.045,140.721,152.968
1121.0,81.038,89.214,102.021,140.317,152.482
1122.0,81.003,89.14,101.864,139.895,151.814
1123.0,80.971,89.064,101.744,139.526,151.355
1124.0,80.925,89.091,101.702,139.094,150.723
1125.0,80.873,89.009,101.659,138.656,150.149
1126.0,80.861,88.962,101.524,138.342,149.574
1127.0,80.851,88.926,101.414,137.943,149.118
1128.0,80.777,88.797,101.297,137.5,148.481
1129.0,80.757,88.787,101.22,137.104,147.978
1130.0,80.735,88.7,101.155,136.772,147.387
1131.0,80.632,88.687,100.975,136.375,146.911
1132.0,80.589,88.632,100.684,135.985,146.392
1133.0,80.604,88.559,100.599,135.633,145.837
1134.0,80.508,88.562,100.52,135.227,145.319
1135.0,80.411,88.463,100.481,134.888,144.732
1136.0,80.388,88.433,100.416,134.467,144.226
1137.0,80.315,88.389,100.393,134.158,143.752
1138.0,80.275,88.302,100.395,133.72,143.279
1139.0,80.245,88.245,100.264,133.393,142.735
1140.0,80.181,88.195,100.155,132.955,142.264
1141.0,80.164,88.213,100.147,132.698,141.752
1142.0,80.127,88.108,99.956,132.304,141.309
1143.0,80.032,88.001,99.85,131.867,140.76
1144.0,80.106,88.08,99.873,131.67,140.394
1145.0,79.977,87.933,99.758,131.26,139.845
1146.0,79.937,87.918,99.674,130.883,139.346
1147.0,79.901,87.851,99.618,130.508,138.885
1148.0,79.825,87.803,99.468,130.218,138.43
1149.0,79.77,87.737,99.291,129.866,137.954
1150.0,79.807,87.754,99.143,129.53,137.508
1151.0,79.761,87.664,99.001,129.177,137.047
1152.0,79.716,87.633,98.919,128.872,136.641
1153.0,79.659,87.563,98.781,128.589,136.165
1154.0,79.642,87.525,98.667,128.2,135.715
1155.0,79.582,87.504,98.576,127.908,135.279
1156.0,79.517,87.429,98.492,127.539,134.862
1157.0,79.531,87.395,98.39,127.26,134.501
1158.0,79.457,87.32,98.344,126.921,134.047
1159.0,79.394,87.228,98.151,126.588,133.568
1160.0,79.324,87.185,98.118,126.274,133.137
1161.0,79.255,87.121,98.087,125.955,132.686
1162.0,79.144,87.065,97.957,125.67,132.257
1163.0,79.113,87.0,97.9,125.343,131.899
1164.0,79.057,86.965,97.805,125.046,131.456
1165.0,79.053,86.882,97.631,124.711,131.068
1166.0,78.971,86.835,97.524,124.393,130.603
1167.0,78.97,86.881,97.509,124.162,130.3
1168.0,78.89,86.802,97.409,123.778,129.833
1169.0,78.793,86.668,97.294,123.472,129.451
1170.0,78.874,86.717,97.319,123.213,129.092
1171.0,78.773,86.654,97.204,122.934,128.659
1172.0,78.702,86.645,97.051,122.665,128.284
1173.0,78.687,86.558,96.997,122.336,127.89
1174.0,78.682,86.448,96.913,122.034,127.482
1175.0,78.634,86.475,96.875,121.784,127.127
1176.0,78.604,86.399,96.608,121.437,126.712
1177.0,78.527,86.299,96.365,121.134,126.316
1178.0,78.499,86.284,96.339,120.886,125.943
1179.0,78.379,86.191,96.263,120.52,125.59
1180.0,78.371,86.166,96.168,120.243,125.227
1181.0,78.303,86.136,96.082,120.019,124.919
1182.0,78.352,86.097,96.108,119.765,124.551
1183.0,78.229,86.018,95.996,119.471,124.137
1184.0,78.182,86.011,95.965,119.198,123.787
1185.0,78.123,85.933,95.807,118.893,123.434
1186.0,78.074,85.906,95.787,118.629,123.101
1187.0,78.017,85.886,95.687,118.356,122.721
1188.0,77.926,85.802,95.577,118.099,122.379
1189.0,77.897,85.686,95.415,117.78,122.009
1190.0,77.852,85.666,95.368,117.559,121.715
1191.0,77.817,85.621,95.286,117.285,121.341
1192.0,77.794,85.549,95.209,117.058,121.013
1193.0,77.69,85.544,95.051,116.796,120.708
1194.0,77.707,85.465,94.999,116.512,120.347
1195.0,77.66,85.425,94.913,116.22,120.014
1196.0,77.615,85.39,94.778,116.007,119.666
1197.0,77.6,85.292,94.623,115.722,119.331
1198.0,77.587,85.289,94.628,115.53,119.104
1199.0,77.505,85.197,94.487,115.276,118.688
1200.0,77.462,85.201,94.381,115.014,118.365
1201.0,77.414,85.143,94.279,114.696,118.023
1202.0,77.404,85.058,94.194,114.48,117.749
1203.0,77.374,85.012,94.084,114.203,117.38
1204.0,77.352,84.97,93.914,114.006,117.078
1205.0,77.329,84.974,93.843,113.784,116.814
1206.0,77.273,84.913,93.679,113.515,116.516
1207.0,77.244,84.79,93.615,113.164,116.161
1208.0,77.178,84.766,93.461,112.93,115.876
1209.0,77.133,84.732,93.43,112.746,115.63
1210.0,77.075,84.703,93.244,112.457,115.318
1211.0,77.059,84.689,93.269,112.337,115.02
1212.0,76.995,84.624,93.163,112.062,114.688
1213.0,76.947,84.563,92.997,111.788,114.384
1214.0,76.887,84.501,92.96,111.551,114.12
1215.0,76.843,84.474,92.888,111.378,113.862
1216.0,76.83,84.459,92.726,111.13,113.508
1217.0,76.774,84.374,92.699,110.869,113.205
1218.0,76.752,84.32,92.565,110.615,112.939
1219.0,76.745,84.302,92.441,110.385,112.636
1220.0,76.705,84.219,92.437,110.19,112.323
1221.0,76.722,84.153,92.286,109.979,112.097
1222.0,76.597,84.082,92.166,109.753,111.813
1223.0,76.577,84.059,91.982,109.484,111.477
1224.0,76.546,84.045,91.916,109.32,111.204
1225.0,76.489,83.962,91.705,109.027,110.941
1226.0,76.55,83.965,91.682,108.852,110.67
1227.0,76.472,83.867,91.506,108.586,110.372
1228.0,76.355,83.837,91.372,108.323,110.126
1229.0,76.367,83.756,91.364,108.148,109.852
1230.0,76.331,83.701,91.323,107.933,109.561
1231.0,76.323,83.735,91.293,107.742,109.27
1232.0,76.283,83.69,91.203,107.51,109.046
1233.0,76.243,83.574,91.103,107.27,108.777
1234.0,76.103,83.471,90.978,107.019,108.435
1235.0,76.193,83.512,90.918,106.88,108.268
1236.0,76.034,83.452,90.812,106.588,107.956
1237.0,75.982,83.414,90.734,106.382,107.702
1238.0,75.98,83.354,90.578,106.168,107.462
1239.0,75.921,83.241,90.499,105.908,107.152
1240.0,75.898,83.228,90.383,105.725,106.89
1241.0,75.898,83.189,90.273,105.517,106.697
1242.0,75.832,83.127,90.157,105.262,106.375
1243.0,75.814,83.01,90.007,105.07,106.119
1244.0,75.759,83.073,89.965,104.922,105.944
1245.0,75.7,82.953,89.855,104.694,105.621
1246.0,75.678,82.873,89.747,104.519,105.424
1247.0,75.618,82.856,89.628,104.331,105.211
1248.0,75.563,82.856,89.521,104.151,104.929
1249.0,75.573,82.74,89.429,103.884,104.658
1250.0,75.515,82.714,89.358,103.74,104.432
